,store,address,phone
0,성성호수공원DI,"충남 천안시 서북구 성성4길 68 1층, 2층",041.555.8561
1,부산경성대,부산광역시 남구 수영로 315(대연동),051.622.8497
2,김포풍무역,"김포시 유현로 232 에버리치빌딩 1,2층",031.996.8497
3,고양원흥,"경기도 고양시 덕양구 권율대로 504 가림타워오피스텔 101,102호",031.966.8497
4,청담역,"서울시 강남구 영동대로 646, 1층",02.3448.8386
5,영산휴게소,경남 창녕군 영산면 장척호수길 56-110,055.521.2978
6,경북왜관,경북 칠곡군 왜관읍 중앙로 98 1층,054.977.8497
7,삼국유사휴게소,경북 군위군 부계면 치산효령로 989-23,054.383.8778
8,대구장기DI,대구광역시 달서구 장기동 557-1,053.567.8497
9,군위영천휴게소,경북 군위군 산청면 치산효령로 865-43,054.383.8448
10,공릉역,서울특별시 노원구 동일로 191길 7. 1층,02.972.8497
11,세종아름,"세종특별자치시 보듬3로 158, 1층 (아름동, 아름메디컬센터)",070.4833.3366
12,전북부안,전라북도 부안군 부안읍 오리정로 142,063.582.6800
13,청주엘지로DT,"충정북도 청주시 흥덕구 엘지로11, 1,2층(외북동)",043.272.9996
14,광주용전DT,"광주광역시 북구 우치로 948 1,2,3층(용전동)",070.7799.8497
15,영주가흥,경북 영주시 대학로 324,054.636.8497
16,부산하단오거리,"부산광역시 사하구 낙동대로 458, 1,2층",051.293.8897
17,안산휴게소 인천방향,경기 안산시 단원구 선부동 311 1층,031..
18,안산휴게소 강릉방향,경기 안산시 단원구 선부동 311 2층,031..
19,안산휴게소 강릉DT,경기 안산시 단원구 선부동 311,031..
20,충남부여,충남 부여군 부여읍 사비로 108번길 4,041.837.7337
21,대구K병원,"대구광역시 북구 칠곡중앙대로 357, 1층(태전동)",053.201.8497
22,왕십리역사,서울특별시 성동구 왕십리광장로 17. 왕십리민자역사 4층,02.2200.1297
23,울산중앙병원,울산 남구 문수로 472,052.227.8824
24,토성농협,"강원도 고성군 토성면 학사촌길97,1층 파스쿠찌",033.680.4525
25,부산범일,부산광역시 동구 조방로 45 1층 (덕원빌딩),051.633.8497
26,안양1번가,경기도 안양시 만안구 안양로 304번길12 2층,031.465.8497
27,김포운양 DI,경기 김포시 모담공원로167번길 109,031.985.8088
28,구미강동DT,경상북도 구미시 옥계신당로 5안길 37,054.473.8497
29,하남감일DI,경기도 하남시 동남로 451(감일동),02.402.8497
30,전주효자DT,전라북도 전주시 완산구 쑥고개로 285,063.225.7605
31,신림역,"서울특별시 관악구 신림동 1640-8, 1층",02.876.0077
32,전주만성법조타운,전라북도 전주시 덕진구 만성중앙로 17,063.214.1230
33,소노벨변산,전라북도 부안군 변산면 변산해변로 51,063.580.8829
34,인천공항LS 2호점,인천시 중구 공항로 271 인천국제공항 제1여객터미널 3층 H구역,032.743.8576
35,양평휴게소 서울방향,경기 양평군 양동면 여양3로 384-27,031.8027.2191
36,서대문역,서울시 서대문구 충정로 60 KT&G 빌딩 1층,02.6956.8497
37,김포DT,경기 김포시 김포대로 1135,031.984.8497
38,경기광주휴게소 서울방향,경기 광주시 곤지암읍 만삼로 211,031.8027.3945
39,대전문지,대전 유성구 문지로 299번길 86-11,042.862.8497
40,서청주DT,충북 청주시 흥덕구 2순환로 1067-2,043.234.8497
41,동천동강병원,울산 중구 외솔큰길 215 (지번) 남외동 514-1,052.700.9711
42,예산휴게소(대전방향),충남 예산군 신양면 당진영덕고속도로 34,041.334.0094
43,칠곡휴게소 서울방향,경상북도 칠곡군 왜관읍 경부고속도로 158,054.975.1883
44,칠곡휴게소 부산방향,경상북도 칠곡군 왜관읍 경부고속도로 159,054.975.2277
45,전주삼천,전라북도 전주시 완산구 용리로 54,063.227.8497
46,덕소라임스퀘어,"경기 남양주시 와부읍 덕소로97번길 67, 라임스퀘어빌딩",031.577.8397
47,죽전휴게소 서울방향,경기도 용인시 수지구 경부고속도로 400,031.262.8722
48,청주하나로,충북 청주시 상당구 무농정로32,043.286.8882
49,남대전DT,대전광역시 동구 대전로 255,042.272.9897
50,영등포병원,서울 영등포구 당산로 31길 10,02.2679.1999
51,영종하늘도시,인천 중구 하늘별빛로 65번길 8-21,032.746.8497
52,파주야당,"경기도 파주시 경의로 1024,1층",031.941.8497
53,화성반월DI점,경기도 화성시 반월동 311-75  1층,031.267.4019
54,청주동남시티,"충죽 청주시 상당구 중고개로 129, 1층",043.285.8350
55,신금호역,서울 성동구 무수막길 95 솔베이그빌딩,02.2237.7842
56,경산중방DI,"경상북도 경산시 중방동 909 1,2층",053.814.8497
57,평택세교DT점,경기도 평택시 세교동 436-1,031.651.8497
58,함안휴게소(순천),경남 함안군 군북면 현포로 205-1,055.582.5470
59,부산사직,"부산광역시 동래구 아시아드대로 141, 1층",051.501.8497
60,의왕역,경기도 의왕시 삼동 208-12,031.461.8625
61,대구법원,"대구시 수성구 동대구로 371-1, 1층",053.753.8497
62,남양주알프하임,"경기도 남양주시 백봉로 32, B-2동 지1층 101~105호(호평동 두산 알프하임 상가동)",070.8806.8497
63,파주문산DI,"경기도 파주시 문산읍 우계로 424, 101호",031.953.8497
64,세종베스트웨스턴호텔,"세종특별자치시 도움1로 7, 1층 111~116호(어진동540)",044.866.8497
65,천호로데오,"서울시 강동구 구천면로 212, 1층",02.484.8497
66,유명산DI,경기도 가평군 어비산길 16,031.584.0507
67,창녕점,경남 창녕군 창녕읍 화왕산로 134,055.532.8497
68,제주한라대,"제주특별자치도 제주시 고사마루길 2, 1층",064.744.8497
69,용산삼각지,"서울 용산구 한강로2가 426 용산트리스퀘어 101동 104호, 105호(용산구 백범로 99길 40)",02.794.8497
70,대구가톨릭대로 DI,대구 남구 두류공원로 64,053.621.3269
71,광주쌍촌,"광주광역시 서구 상일로 58 1층,2층",062.371.8497
72,대전원내,대전 유성구 진잠로92번길 85,042.544.8497
73,울산남구무궁화점,울산광역시 남구 왕생로 146(달동),02.256.8498
74,한마음국제의료원점,"경상남도 창원시 의창구 용동로 57번길 8, 1층",055.275.3535
75,해운대중동점,"부산광역시 해운대구 좌동로 47, 1층",051.746.7617
76,청주시실리점,충북 청주시 흥덕구 강내면 가로수로 480,043.238.3388
77,광양중마점,전라남도 광양시 시청로 62 101동 111호 e편한세상,061.791.8082
78,성신여대점,서울시 성북구 동소문로 115-1,02.929.7067
79,수원시청역점,경기도 수원시 팔달구 인계로 166번길 48-21,031.233.5400
80,원주터미널점,"강원도 원주시 서원대로 165-1, 1층(단계동)",033.731.5798
81,용인(인천)휴게소 상행점,경기도 용인시 처인구 고림동 81-2(주북로 94번길 66-14),031.339.3660
82,용인(강릉)휴게소 하행점,경기도 용인시 처인구 고림동 12-6(주북로 94번길 30-1),031.339.3663
83,북대전점,"대전 유성구 대덕대로 1097 (송강동 141-2, 1,2층)",042.934.8597
84,목포 옥암법원점,전라남도 목포시 정의로 10,061.282.8497
85,광주매곡점,광주광역시 북구 서하로 79,062.575.2292
86,부산당감점,"부산 부산진구 동평로 83, 1층",051.892.8497
87,진영(부산) 휴게소점,경남 김해시 진영읍 하계로 96번길 94-4 진영(부산)휴게소,055.334.8700
88,성산포수협,제주 서귀포시 성산읍 성산등용로 91,064.782.3169
89,제주한림점,제주도 제주시 한림읍 한림남1길 3,064.796.4557
90,장안사거리점,"서울시 동대문구 장한로 130, 1층",02.3394.8497
91,울산무궁화점,울산광역시 남구 돋질로 359,052.227.8498
92,김천교동 D/T,"경상북도 김천시 대학로 75, 나동 1-2층(교동)",054.435.8497
93,인천D/T,"인천 연수구 비류대로 11, 2동",032.831.8497
94,대전송촌점,"대전시 대덕구 계족산로 81번길 101, 1층(송촌동)",042.632.8497
95,청주죽림 D/I,충청북도 청주시 서원구 대림로 427 1층,043.231.8497
96,대전카이스트점,대전 유성구 대학로 291,042.863.8497
97,부산개금백뱅원점,"부산 부산진구 엄광로 37 1, 2층",051.897.8497
98,마산역 D/I,"경남 창원시 마산회원구 3.15대로 703, 1층(석전동)",055.253.1717
99,광주문흥점,광주시 북구 서하로 353-1,062.262.8497
100,신사역점,"서울시 서초구 강남대로 101길 7, 지하1층, 지상1층(잠원동, 루미에르신사)",070.4282.5757
101,계양구청점,인천 계양구 오조산로57번길 11,032.543.4343
102,평택 힐스테이트점,경기 평택시 세교동 10-1 디오네프라자 1층,031.656.8088
103,전주 김제 모다아울렛점,전라북도 김제시 용지면 부교리 44-1번지,063.540.9410
104,안산성포점,경기도 안산시 상록구 성포동 587-1 드림빌딩 2층,031.401.8497
105,대구 남산역점,대구시 남구 명덕로 116 1층,053.626.8497
106,부산 가덕도점,부산시 강서구 가덕해안로 612,051.941.8497
107,유성온천역점,대전광역시 유성구 계룡로 92,042.826.8498
108,안산중앙점,"경기도 안산시 단원구 고잔로 88 , 지스타 105,106호",031.405.8497
109,경인교대역점,인천 계양구 계산천동로1,032.541.4040
110,해남군청점,"전란남도 해남군 해남읍 북부순환로 112, 동우빌딩 1,2층",070.4369.8497
111,기쁨병원점,"서울시 서초구 서초중앙로 4 ,1층",02.570.1210
112,서귀포일호광장점,제주 서귀포시 서문로 1(서귀동),064.732.0007
113,인천운서점,인천 중구 백년로 128번길 21 스카이프라자 1층,032.752.8497
114,광안비치점,"부산 수영구 광안해변로 165 광안지웰에스테이트 1,2F",051.757.8497
115,대구라온제나점,"대구광역시 수성구 범어천로 13 1층 102,103호",053.767.8497
116,행담도휴게소,충남 당진시 신평면 서해안고속도로 275,02..
117,청주테크노폴리스,"충북 청주시 흥덕구 송화로 166번길 20, 1층",043.277.8497
118,트윈시티 남산,서울시 용산구 한강대로 366 1층,02.3789.4534
119,일산 D/I,경기도 고양시 일산서구 일산로 646,031.911.8497
120,부산화명,부산시 북구 금곡대로 303번길 36,051.363.8497
121,제주봉개 D/I,"제주 제주시 번영로 430, 1층",064.727.8497
122,대구 반월당제네스점,"대구광역시 중구 중앙대로 312 반월당아너스제네스타워109호,207호,208호",053.254.8497
123,김천휴게소(하),경북 김천시 농소면 경부고속도로 김천(부산)휴게소,054.435.0211
124,김천휴게소(상),경북 김천시 농소면 경부고속도로 김천(서울)휴게소,054.433.1523
125,충남태안점,"충남 태안군 태안읍 중앙로 152, 1층 파스쿠찌 (동문리 259-2)",041.672.8497
126,동해해안도로 D/I,"강원도 동해시 해안로 374,1층",033.534.2746
127,김해진영점,경남 김해시 진영읍 김해대로 361번길 9,070.4032.8497
128,대구용산점,"대구시 달서구 용산로 231 1,2층",053.523.8497
129,수성구청역,"대구시 수성구 달구벌대로 2485, 1층",053.744.8497
130,서김해점,경상남도 김해시 풍유동 66-1번지,055.323.8497
131,신기사거리점,"인천 미추홀구 미추홀대로 594 1동, 1층(주안동,동경프라자)",032.832.9911
132,신세계마산,경상남도 창원시 마산합포구 합포로 251(신세계백화점 8층),055.240.1791
133,광희점,서울시 중구 퇴계로 307 광희빌딩 1층,02.2278.8088
134,하남미사강변점,경기도 하남시 미사강변중앙로111번길 38,031.792.8297
135,강남고속터미널점,"서울시 서초구 신반포로 194, 본관 1층 22호(반포동)",02.533.5773
136,용인역북점,"경기도 용인시 처인구 명지로 24, B117~118, 121~122호(역북동, 더럭스나인 애비뉴)",031.322.8497
137,광명철산점,경기도 광명시 철산동 437번지,02.2614.0708
138,계룡DT점,충남 계룡시 엄사면 엄사리 32-2,042.841.8497
139,제주세화 D/I,제주 제주시 구좌읍 일주동로 3126,064.784.8497
140,청주성화,"충청북도 청주시 서원구 서부로 1348, 성화BD 1F",043.232.8497
141,동탄2영천동,경기도 화성시 동탄영천로 81-9 로얄프라자 1층,031.372.6265
142,대구다사점,대구광역시 달성군 다사읍 달구벌대로 858,053.581.8497
143,수원권선DT점,"경기도 수원시 권선구 서수원로 245,1층(오목천동)",031.293.8497
144,평택험프리스점,"경기도 평택시 팽성읍 안정쇼핑로 52,101호",031.658.8497
145,구리수택점,경기도 구리시 경춘로 200,031.553.0405
146,대구태평메가타워점,"대구광역시 중구 태평로 114(태평로3가, 메가타워)",053.422.8497
147,화성시청점,경기도 화성시 남양읍 역골로 9-4,031.366.8498
148,광주하남점,광주광역시 광산구 단전둘레길 18,062.448.9099
149,대전학하점,"대전광역시 유성구 학하로 98 (학하동, 1층)",042.823.8497
150,포항시청점,경상북도 포항시 남구 대이로 39,054.274.8497
151,나주빛가람종합병원점,전라남도 나주시 빛가람동 266-4,061.820.8497
152,대구화원DI점,대구광역시 달성군 화원읍 사문진로 422,053.623.8497
153,안산고잔점,경기도 안산시 단원구 고잔동 771-1 창진타운 130호,031.439.8497
154,부산강서점,부산광역시 강서구 체육공원로6번길 184,051.831.8497
155,청주용평로점,충청북도 청주시 서원구 분평동 621-4번지 1층,043.292.8497
156,까치산역점,서울시 강서구 곰달래로 134,02.2602.8497
157,평택소사벌점,경기도 평택시 비전5로 10 평택 가로수길 센트럴돔 1층,031.654.8497
158,제주영어교육도시점,"제주도 서귀포시 대정읍 에듀시티로239번길 8, 131,132호",064.792.8497
159,대전시청점,"대전광역시 서구 둔산남로 103,1층(둔산동)",042.472.8497
160,대구중앙로점,대구광역시 중구 중앙대로 421,053.253.8388
161,수원호매실점,"경기도 수원시 권선구 금곡로 201, 1층",031.278.7900
162,창원대동백화점,"경상남도 창원시 성산구 원이대로 730, 창원대동백화점 1F",055.212.8885
163,창원상남점,경상남도 창원시 성산구 상남동 19-4,055.266.8497
164,전주에코시티점,전라북도 전주시 덕진구 송천동2가 354-1번지,063.903.9929
165,가평휴게소 하행선점,경기도 가평군 설악면 미사리로 540번길 51,02..
166,가평휴게소 상행선점,경기도 가평군 설악면 미사리로 544,02..
167,원주행구길카페점,강원도 원주시 행구로 466(행구동 198번지),033.742.8497
168,목포해상케이블카유달산점,"전라남도 목포시 해양대학로 240, 1층 2101호(죽교동, 유달산STA)",061.244.8497
169,야탑역점,경기도 성남시 분당구 성남대로926번길 18,031.708.8497
170,천안신부점,충청남도 천안시 동남구 만남로 28 천안문빌딩 2층,041.555.8797
171,김해부원역점,"김해시 김해대로 2349, 1층(부원동, 그린코아더센텀)",055.322.8497
172,송도유원지점,인천시 연수구 청량로 125,032.834.8497
173,전주 백제대로DT점,전라북도 전주시 덕진구 백제대로 556,063.227.8520
174,전남화순점,전라남도 화순군 화순읍 쌍충로 84,061.371.1216
175,대전죽동점,"대전광역시 유성구 죽동로297번길 46, 1층",042.825.8497
176,성남신흥역,경기 성남시 수정구 산성대로 267 롯데시네마타워 2층,031.606.8497
177,상무타임스점,"광주광역시 서구 상무중앙로 58, 타임스타워 1층",062.373.8497
178,대구칠곡태전DT,대구 북구 칠곡중앙대로 238,053.321.8497
179,대구국가산단점,대구 달성군 국가산단대로42길 5-23,053.214.8497
180,역삼테헤란점,"서울시 강남구 테헤란로 151, 1층 (역삼하이츠빌딩)",02.552.8497
181,광명역자이스트릿점,"경기도 광명시 광명역로 28,근린생활시설 1층",02.897.8854
182,경산월드컵대로점,경북 경산시 삼성현로 50,053.817.8497
183,해운대장산점,부산광역시 해운대구 세실로69번길 17,051.702.8497
184,진하비치점,울산광역시 울주군 서생면 깨목4길 15,052.237.8497
185,이대서울병원점,서울특별시 강서구 공항대로 260,070.8181.3112
186,삼척점,"강원도 삼척시 척주로 21 (남양동, 1, 2 층)",033.575.8497
187,첨단리버사이드DT점,광주광역시 북구 임방울대로 945 (신용동 477-12),062.574.8497
188,세종고운점,세종특별자치시 마음로 272-5,044.863.8496
189,부산송도해변점,"부산시 서구 송도해변로 79 (암남동, 2층)",051.257.8497
190,광교법조타운점,"경기도 수원시 영통구광교중앙로248번길 95-3 (하동, 1층)",031.211.3232
191,서울대관정도서관점,"서울시 관악구 관악로1 서울대학교 관정도서관 부속동 2,3층",02.875.8497
192,대전성모병원점,"대전광역시 중구 대흥로 64 (대흥동, 1층)",042.257.2588
193,전포카페거리점,부산 부산진구 전포동 692-5,051.818.6021
194,거제거붕백병원점,경상남도 거제시 계룡로 5길 14 거붕백병원,055.733.0672
195,김포공항국내선점,"서울시 강서구 하늘길 112, 국내선 3층 (출발층, 동편)",02.2665.8497
196,대전봉명점,"대전광역시 유성구 온천북로 15, 1층 (봉명동 627-3)",042.862.0004
197,대전코젤병원점,"대전광역시 유성구 계백로 927, 대전코젤병원 1층 1101호",042.545.3197
198,가재울점,서울시 서대문구 남가좌동 385,02.304.8497
199,세종다정점,세종특별자치시 다정로 14 (다정동 산10),044.864.8497
200,서귀포신시가지점,제주 서귀포시 김정문화로27번길 10-1(강정동),064.739.8497
201,대구범어역점,대구광역시 수성구 달구벌대로 2386,053.746.8497
202,대구 월배역점,대구광역시 달서구 월배로 168 아보스타워 1~2층,053.639.8497
203,아산배방점,충청남도 아산시 배방읍 배방로 88,041.542.8497
204,전주혁신점,"전라북도 완주군 이서면 오공로 11-13 108호, 109호",063.222.8497
205,제천장락점,"충청북도 제천시 청전대로 216, 재림빌딩 1층(장락동)",043.643.8497
206,광주 방림DT점,광주광역시 남구 대남대로 85,062.651.8497
207,송도컨벤시아점,인천 연수구 센트럴로 123송도컨벤시아 M 18호,032.715.8467
208,구미문성지점,경상북도 구미시 고아읍 들성로 183,054.456.8497
209,충북영동점,충북 영동군 영동읍 난계로 1108,043.743.8497
210,순천문화의거리점,전라남도 순천시 중앙로 94-2,061.753.1002
211,부산온천장점,부산광역시 동래구 온천장로 89,051.553.8497
212,밀양점,경상남도 밀양시 밀양대로 1753-27(삼문동),055.353.7711
213,동김해점,경상남도 김해시 인제로 9(어방동),055.333.6500
214,의정부민락제이맘점,"경기도 의정부시 오목로225번길 115(민락동) 제이맘태워 101, 201호",031.879.2626
215,충주칠금점,"충청북도 충주시 계명대로 29 1층 (칠금동, 금강빌딩)",043.855.8497
216,김포공항국제선점,"서울시 강서구 하늘길 38, 국제선 청사 1층 서편",02.2662.8497
217,포항성모병원점,"경상북도 포항시 남구 대잠동길 17, B1F",054.277.8497
218,서충주신도시점,"충청북도 충주시 중앙탑면 기업도시로 222 서충주메디컬타워 2, 3층",043.846.5507
219,아산신정호점,충남 아산시 신창면 신정호길 268,041.534.0268
220,대전도룡점,"대전광역시 유성구 대덕대로 554, 지상 1, 2층(도룡동 399-1)",042.861.8497
221,대전용문점,"대전광역시 서구 괴정로 155 1, 2층",042.522.8497
222,울산보람병원점,"울산광역시 남구 돋질로 336번길 10(삼산동, 울산보람병원 신관 1층)",052.272.8497
223,강진군청점,전라남도 강진군 강진읍 탐진로 103,061.432.8497
224,속초영랑호점,강원도 속초시 영랑호반길 575,033.633.8497
225,제주중문점,제주특별자치도 서귀포시 천제연로232번길 15,064.739.4477
226,화정샹그릴라점,"광주광역시 서구 내방로 337 1층 108호(화정동, 해광샹그릴라 센트럴 337)",062.352.8497
227,분당 정자역점,경기도 성남시 분당구 성남대로 331번길 9-9,031.713.8497
228,대전복합터미널점,대전광역시 동구 용전동 111-14,042.621.8497
229,인천공항 T1 탑승동점,인천공항,032.743.7211
230,구미확장단지점,경상북도 구미시 산동면 신당리 1430,054.474.8497
231,포항영일대비치점,포항시 북구 해안로 131,054.248.3303
232,서초점,"서울특별시 서초구 서초동 1623-8, 9 B1",02.598.1436
233,대구강정고령보점,대구광역시 달성군 다사읍 강전본길 83 4F,053.591.8497
234,인천공항 T1 L/S점,인천 중구 공항로 271 인천공항 T1 여객터미널 일반구역,032.743.7527
235,부천역점,경기도 부천시 심곡동 385 까뮤스퀘어피노키오 1층,032.652.0818
236,춘천후평사거리점,강원도 춘천시 춘천로 324,033.252.8500
237,진주휴게소점,경상남도 진주시 남해고속도로 194(호탄동),055.759.3205
238,천안신불당점,"충남 천안시 서북구 불당동 1544, 근린생활시설 13동 C103호",041.552.1544
239,공주신관점,충청남도 공주시 흑수골길 33 1층 101호,041.853.7721
240,황전휴게소 하행점,전라남도 순천시 황전면 순천완주고속도로 25,061.782.1738
241,황전휴게소 상행점,전라남도 순천시 황전면 순천완주고속도로 28,061.782.1154
242,경북도청점,경상북도 안동시 풍천면 검무로 4-8,054.900.7002
243,팔공산가산산성점,경상북도 칠곡군 동명면 한티로 535,054.975.6989
244,부산센텀시티점,부산시 해운대구 센텀1로 25,051.744.8397
245,서대전세이점,대전 중구 계백로 1711,042.535.8497
246,대구 신평리네거리점,대구시 서구 국채보상로 204,053.525.8497
247,속초청초호점,강원도 속초시 청학동 482-525 속초씨크루즈호텔 1층,033.635.8497
248,제주삼화지구점,제주 제주시 건주로4길 10-4 (도련1동 1939-3),064.722.8497
249,대구신남네거리점,대구광역시 달구벌대로 1999 척탑병원 1층,053.427.8497
250,용산더센트럴점,서울시 용산구 서빙고로 17(한강로3가) 1층 118호,02.749.8497
251,시화나래휴게소 2호점,경기도 안산시 단원구 대부황금로 1901,02..
252,대구 월배비스타점,대구광역시 달서구 대천동 940,053.633.8497
253,익산부송점,전북 익산시 부송로 116 (부송동 1106-4),063.831.8497
254,대구대명역점,대구광역시 남구 대명로 73,053.656.8497
255,제주한라병원점,제주 제주시 도령로 73 (연동 1964-3) 2층,064.749.8497
256,대구금호강변점,대구시 동구 지저동 843-1,053.983.8497
257,광주학동점,광주광역시 동구 남문로 663(학동) 우리빌딩 1층,062.226.8497
258,대구칠호광장점,대구 달서구 달구벌대로 1696,053.624.8497
259,울산정자해변점,울산광역시 북구 동해안로 1544(정자동),052.281.0620
260,울산수암로점,울산광역시 남구 신남로 103(신정동),052.258.3883
261,대전롯데점,"대전 서구 계룡로 599(탄방동91-23), 한밭새마을금고 1층",042.484.8497
262,연세심혈관병원점,"서울시 서대문구 연세로 50-1, 1층(신촌동, 심장혈관병원)",02.2227.8266
263,대구침산점,대구광역시 북구 옥산로 95,053.269.1009
264,전북고창점,"전라북도 고창군 고창읍 중앙로 321, 1층",063.561.0080
265,영광백수해안도로점,전라남도 영광군 해안로 1389,061.351.8497
266,거제하청점,경남 거제시 하청면 하청리 857 -1,055.632.8397
267,울산굿모닝병원점,울산광역시 남구 달동 972번지 외(굿모닝병원 1층),052.258.4599
268,강서NC백화점,서울특별시 강서구 강서로 56길 17 NC백화점 강서점 8층,02.2667.9922
269,대구금호점,대구 북구 금호동 806번지,053.311.8497
270,용산아이파크몰점,"서울특별시 용산구 한강대로 23길 55, 5층 5-2호",02.2012.0500
271,안산선부역점,"경기도 안산시 단원구 선부광장로 27 115,116호",031.405.0407
272,안양명학역점,경기도 안양시 만안구 덕천로 54  에버앤비스퀘어 1층,031.464.8497
273,평택 안중점,"경기도 평택시 안중읍 안현로 338, 1층",031.684.0133
274,청주사천점,"충청북도 청주시 청원구 사뜸로 95, 1층",043.215.8497
275,안성휴게소하행점,경기도 안성시 원곡면 반제리 642-6 안성휴게소하행,031.655.0531
276,수원망포점,"경기도 수원시 영통구 영통로 174번길 5, 1층 101호",031.204.8497
277,목동 하이페리온 2점,"서울특별시 양천구 오목로 300, 하이페리온 2차 205동 106호",02.2640.1666
278,광주화정역점,광주광역시 서구 상무대로 1048,062.384.8497
279,춘천메가박스점,강원도 춘천시 온의동 587-8,033.253.8497
280,몰오브광양점,전라남도 광양시 금호동 624-24 몰오브광양 104호,070.8848.8497
281,강릉올림픽파크점,강원도 강릉시 포남동 296,033.653.9696
282,울산매곡점,울산광역시 북구 괴정1길 122(매곡동 616-8),052.285.2013
283,대구 성서이곡점,대구광역시 달서구 달구벌대로 251길 25,053.583.8497
284,대구 만촌점,대구시 수성구 화랑로 114(1329-32),053.745.8497
285,군산 나운점,전라북도 군산시 공단대로 117 (나운2동 338),063.442.2000
286,경기 광주역점,경기 광주시 장지동 42-4 대광프라자1층,031.763.8497
287,대구서재점,"대구광역시 달성군 다사읍 서재로7길 8 1,2층",053.582.8792
288,파주지혜의숲점,경기도 파주시 회동길 145,031.955.0099
289,순천 조례점,"전라남도 순천시 태봉길 41 드림프라자 (101,201호)",061.724.8497
290,창동점,서울특별시 도봉구 창5동 715-14 2층,02.461.1942
291,삼척해변점,강원도 삼척시 갈천동 14번지 테마타운 제4동 102호,033.575.2746
292,여수역점,전라남도 여수시 망양로2 여수엑스포역사,061.666.8497
293,제주 탑동점,제주특별자치도 제주시 일도 1동 1276-7,064.724.8497
294,제주 유수암점,"대한민국 제주특별자치도 제주시 애월읍 유수암리 1014, 102호",064.799.8496
295,거제장평점,경상남도 거제시 장평동 141-1  1층,055.635.8497
296,경산중앙병원점,경상북도 경산시 백천동 4-2 경산중앙병원 1층,053.811.8490
297,대구 영남대점,경상북도 경산시 조영동 247-5,053.813.8497
298,김포구래점,경기도 김포시 김포한강9로 80 다온프라자 110호,031.986.8497
299,인천서창점,"인천시 남동구 서창동 708-3 비젼프라자 109, 110호",032.467.8497
300,남경주IC점,경상북도 경주시 외동읍 산업로 2747,0507.1316.6767
301,아산 테크노밸리점,"충청남도 아산시 둔포면 아산밸리중앙로 85, 1동 105호",041.532.6112
302,온양점,"충청남도 아산시 온천대로 1462, 온양제일오텔 1층",041.423.2122
303,당진시청점,"충남 당진시 시청2로 20, GJ빌딩 101호",041.354.9117
304,안동성소병원점,경상북도 안동시 서동문로 99,054.854.2466
305,연세우리라운지점,서울특별시 서대문구 연세로 50-1,02.363.6663
306,부산남천점,부산광역시 수영구 황령대로 487,051.611.8497
307,대전우송대점,대전광역시 동구 백룡로 6,042.626.8497
308,원주상지대점,강원도 원주시 우산로 37,033.746.8497
309,목포신항만점,전라남도 목포시 신항로 264,061.463.8497
310,구미 상모점,경상북도 구미시 박정희로 101,054.463.8497
311,부산대정문점,부산광역시 금정구 장전동 400-31번지,051.583.8497
312,부천현대중동점,경기도 부천시 원미구 석천로177번길 38,032.322.8497
313,포항송도비치점,포항시 남구 희망대로 1245,054.251.7800
314,세종퍼스트점,"세종특별자치시 나리로 38, 108,109호 (한솔동, 상가동)",044.865.8497
315,대천해수욕장점,충남 보령시 해수욕장4길 18,041.931.9319
316,울산 명촌점,울산광역시 북구 진장동 757-10 2층,052.289.8497
317,대구 현풍테크노점,대구광역시 달성군 테크노대로 24,053.611.8497
318,청담사거리점,서울특별시 강남구 도산대로 509 (미래메디컬허브빌딩 1층),02.517.2723
319,울산신정점,울산광역시 남구 동산로29번길 4,052.256.8479
320,시화 이마트점,경기도 시흥시 정왕대로 210,031.431.8497
321,청주 서원대점,충청북도 청주시 서원구 서원남로 24,043.285.8497
322,부산대병원점,부산광역시 서구 까치고개로197번길 3,051.248.8497
323,포항효자강변점,경상북도 포항시 남구 효자동 590-3,054.283.8497
324,안산상록수점,경기도 안산시 상록구 용신로 383,031.408.8497
325,삼성DSR점,경기도 화성시 삼성1로5길 6,031.613.9377
326,거제수월점,경상남도 거제시 해명로 24,055.637.1213
327,대구수성점,대구광역시 수성구 명덕로 373,053.745.5566
328,구미신평대로점,경상북도 구미시 신평동 326-2번지 외 2필지,054.461.8998
329,충장행복,광주광역시 동구 중앙로 160번길 3,062.233.5666
330,천안 성정점,충남 천안시 서북구 성정동 1321 프라지움 5차 118-121호,041.556.8497
331,부산 구포점,부산 북구 구포동 산 46-1,051.338.1300
332,대구 신암,대구 동구 신암동 216-16번지,053.958.3738
333,성주성밖숲점,경북 성주군 성주읍 경산리 370-1,054.931.0005
334,대구황금점,대구 수성구 청수로 130,053.766.8497
335,인천공항점,인천 중구 운서동 인천국제공항여객터미널 [에어사이드 FB-P5-34],032.743.7510
336,부산미남역점,부산 동래구 온천동 1422-1,051.505.8497
337,목포 용해점,전남 목포시 용해동 980-2,061.279.4112
338,영천시청점,경북 영천시 문외동 253-5,054.331.3864
339,전주서신여울점,전북 전주시 완산구 서신동 932-8,063.252.1642
340,인천시청점,인천광역시 남동구 구월남로 150 (나이스뷰 1층),032.432.8497
341,부산태종대점,부산광역시 영도구 태종로 794,051.403.1447
342,나주빛가람점,전라남도 나주시 빛가람동 692-2,061.332.4220
343,울산학성공원점,울산 중구 반구동 582-7,052.295.8497
344,대구시지점,대구 수성구 신매동 567-58,053.794.8497
345,충북혁신도시점,"충북 음성군 맹동면 두성리 충북혁신도시 CC2블럭 1-1 롯트 파스텔시티107,108,204호",043.883.8497
346,김포사우점,"경기 김포시 사우동 924 제우스 프라자 109호, 110호 일부",031.985.8497
347,서울숲점,서울 성동구 성수동1가 14-18,02.2117.0900
348,제주종합청사점,제주 제주시 도남동 694-3,064.702.8497
349,대구봉무공원점,대구 동구 봉무동 531-2번지,053.984.8497
350,광주시청로점,광주 서구 치평동 1231-3,062.381.9805
351,오산시청,경기도 오산시 원동 811-6 103호,031.374.8497
352,선릉이노센스점,서울특별시 강남구 테헤란로63길 11 (이노센스빌딩 1층),02.555.8497
353,울산혁신도시점,울산 중구 우정동 상2-7-1(3)BL,052.245.8417
354,제주 제원점,제주 제주시 연동 273-4,064.745.8497
355,분당 양지점,경기 성남시 분당구 수내동 58-1,031.713.8570
356,부산종합터미널점,부산 금정구 중앙대로 2238,051.581.8497
357,구미오태점,경상북도 칠곡군 북삼읍 금오대로2길 48 2층,054.975.8497
358,세종라온점,"충남 연기군 조치원읍(세종시 도담동) 1-4생활권 라온프라이빗 시티1, 113호",044.868.8496
359,경북 상주점,경북 상주시 냉림동 363번지 외 2칠지,054.534.0800
360,광주 효천점,광주광역시 남구 효우2로 26,062.674.8497
361,소래포구점,인천 남동구 소래역로 46번길 20 (남동구 논현동 676-1),032.442.8497
362,진주모다점,경남 진주시 정촌면 예하리,055.923.1040
363,대구 앞산정은점,대구 남구 대명동 506-3번지,053.657.6007
364,대구 두류점,대구 달서구 달구벌대로 1796,053.656.8655
365,김해인제대,경남 김해시 삼방동  172-3 (김해시 활천로 255번길 4),055.339.8497
366,제주 노형로타리점,제주 제주시 다랑곶길 4번지,064.748.8497
367,대구신서혁신도시점,대구 동구 각산동 1080-2 (각산로 1080-2),053.965.8497
368,제주일도점,제주 제주시 일도2동 360-11,064.755.8497
369,오창2산단점,충청북도 청주시 청원구 오창읍 2산단로 114 1층,043.217.8497
370,대전한남대점,"대전 대덕구 오정동 172-20, 21, 226-36",042.223.8497
371,당진 CGV점,충남 당진시 읍내동 1532번지 외 3필지 당진CGV 1층,041.352.7730
372,전남대점,광주 북구 호동로 15 (용봉동 161-17),062.251.9655
373,수완로점,광주광역시  광산구 수완로 73번길 3 (광주 광산구 수완동1128),062.954.3624
374,목포석현점,전남 목포시 석현동 1168-25 (옥암로 173),061.287.8497
375,거제고현점,경남 거제시 고현동 33-12번지,055.637.8497
376,대왕암공원점,울산 동구 일산동 903-5 대왕암상가 5동 2호,052.234.8497
377,서면솔라리아니스테츠호텔점,부산광역시 부산진구 서면로 22,051.801.9971
378,청주 수암골점,충북 청주시 상당구 수동 91-2외 2필지,043.222.8497
379,언양점,울산광역시 울주군 언양읍 동부8길 14,052.264.8497
380,선정릉역점,서울특별시 강남구 선릉로121길 6 (1층),02.518.8497
381,수서점,서울 강남구 수서동 461-26 (강남구 광평로 236),02.445.2106
382,동강병원점,울산광역시 중구 태화로 239,052.244.8497
383,분당KT계원점,경기 성남시 분당구 정자동 139-7,031.711.8397
384,광주유스퀘어점,광주 서구 광천동 유스퀘어 광천터미널,062.364.0015
385,신제주점,제주시 오라2동 3100-3,064.747.8297
386,전주 중화산점,전북 전주시 완산구 중화산동 2가 770-1,063.225.8497
387,구미봉곡점,경상북도 구미시 봉곡동 297-7,054.458.8497
388,울산장생포점,울산광역시 남구 장생포고래로 257-1(매암동)  카페 파스쿠찌,052.260.8497
389,충북증평점,충청북도 증평군 증평읍 중동리 58  1층,043.836.8497
390,중구 무궁화점,울산 중구 반구동 22-4번지,052.297.8497
391,연세세브란스2호점,서울시 서대문구 연세로 50-1 신촌세브란스 암병원 지상5층,02.2227.8273
392,연세세브란스1호점,"서울특별시 서대문구 연세로 50-1, 연세암센터 B1 파스쿠찌",02.2227.8276
393,부산남산점,부산 금정구 구서동 1032-9,051.516.8497
394,수지구청점,경기 용인시 수지구 풍덕천동 1195,031.897.8497
395,포항 지곡점,경북 포항시 남구 이동 53번지,054.282.8497
396,부산해운대점,부산 해운대구 우동 618-18번지,051.744.8498
397,제주 이도점,제주특별치도 제주시 이도이동1986-20,064.724.4715
398,교대메가스터디점,서울 서초구 서초동 1671-2번지,02.3486.8497
399,서산 호수공원점,충남 서산시 읍내동 50-3 1층,041.665.8497
400,제주 용담해안도로점,제주 제주시 용담3동 2319-1,064.711.3001
401,분당서울대병원점,경기도 성남시 분당구 구미로 173번길 82 분당서울대병원 본관 1층 일부,031.718.8497
402,광주황금점,광주 동구 황금동 19-1,062.225.8497
403,부평시장역점,인천광역시 부평구 부평대로 75 (한화생명사옥 1층),032.529.1966
404,청주터미널점,충북 청주시 흥덕구 가경동 1449 청주시외버스터미널 2층,043.232.8350
405,구월로데오점,인천광역시 남동구 인하로489번길 28 (로데오프라자 201호),032.421.8497
406,전북도청점,전북 전주시 완산구 효자동 2가 1234-2,063.223.8497
407,울산 성남점,울산광역시 중구 성남동 191-27 2F,052.246.8497
408,삼천포점,경상남도 사천시 주공로 23,055.835.0497
409,울산번영점,울산 남구 달동 1356-12,052.227.8497
410,상무 DY점,광주 서구 마륵동 162-7,062.374.8497
411,춘천 거두점,강원도 춘천시 동내면 춘천순환로 128 1층,033.262.8497
412,평택역점,"경기도 평택시 평택시 평택2로 19-2, 1층(평택동)",031.656.8497
413,탄현제니스스퀘어점,경기도 고양시 일산서구 탄현동 297번지 169호,031.916.3123
414,대전 탄방역점,대전 서구 탄방동 645,042.382.8497
415,안양예술공원점,안양시 만안구 석수동 825,031.473.8297
416,의정부역점,경기도 의정부시 의정부동 493-3 웨딩팰리스 1층,031.876.8497
417,뱅뱅사거리점,서울시 서초구 서초동 1340-11번지 1층,02.587.8497
418,원주봉화산점,"강원도 원주시 봉화로35-1(단계동,2층)",033.747.8497
419,퀸벨호텔점,대구시 동구 동촌로 200 퀸벨호텔 1층,053.261.8497
420,익산 모현점,전북 익산시 모현동 1가 836,063.856.8497
421,여수 여서점,전남 여수시 여서동 220-5 향군회관 1층,061.921.3332
422,거제장승포점,경남 거제시 장승포동 701-6번지,055.681.3955
423,대구동성로광장점,"대구광역시 중구 동성로3가 67-1 1,2층",053.255.8497
424,전남대병원점,광주광역시 동구 학동 67,062.223.8497
425,신촌연세대점,서울시 서대문구 창천동 9-20,02.393.8004
426,울산 구영점,울산광역시 울주군 범서읍 구영리 395-5번지,052.243.8497
427,삼산 무궁화점,울산광역시 남구 삼산동 188-1번지,052.256.8497
428,제주노형점,제주특별자치도 제주시 노형동 710-3 추산엘리시아빌딩 2층 B1호,064.747.8497
429,구미금오산점,경상북도 구미시 금오산로 219,054.456.3366
430,광주 신창점,광주광역시 광산구 신창동 1224-1,062.959.8497
431,대덕 벨리점,대전광역시 유성구 용산동 576번지 (테크노중앙로 153번지),042.936.8497
432,청주 봉명점,충청북도 청주시 흥덕구 봉명동 2861번지 1층,043.267.8497
433,목포북항점,"전남 목포시 고하대로 730, 1층",061.277.8497
434,달동목화점,울산광역시 남구 달동 1278-1번지,052.2678.497
435,익산 영등점,전북 익산시 영등동 747-7,063.836.8497
436,울산시청점,울산광역시 남구 신정동 186-11번지,052.257.3237
437,대전청사점,대전시 서구 월평동 236번지,042.487.8497
438,광교도청역점,"경기도 수원시 영통구 이의동 1351-1 태영데시앙 104,105호",031.214.8497
439,충주연수점,충북 충주시 연수동 1475,043.843.8497
440,충남 홍성점,충남 홍성군 홍성읍 대교리 392-1,041.633.8497
441,평화광장점,전라남도 목포시 상동 1137,061.287.3622
442,에스프레소바 양재,서울시 서초구 남부순환로 2620 1층,02.3462.8497
443,광주 충장점,광주광역시 동구 광산동 79-6,062.222.8497
444,대구 칠곡3지구점,대구광역시 북구 동천동 904-1,053.313.5757
445,여의도 KBS 본관점,서울시 영등포구 여의도동 17-10 교육시설공제회관 1층,02.783.8497
446,종로2가점,서울시 종로구 관수동 3-1,02.2275.8497
447,삼성역점,서울시 강남구 삼성동 168-21 석광빌딩 1층,02.564.7811
448,태화강대공원점,울산광역시 중구 태화동 482-10번지,052.245.8497
449,논현역점,서울시 강남구 논현동 122-8 동화히스110호,02.3443.8497
450,여수교동점,전라남도 여수시 교동 345-3,061.662.8497
451,구미인동점,경상북도 구미시 인동남길 130,054.471.2525
452,영풍문고IFC점,서울 영등포구 여의도동 23 IFC B2F 영풍문고내,02.6137.5691
453,부천소풍점,경기도 부천시 원미구 송내대로 239  (상동 소풍 2층 F01-2호),032.624.7721
454,포항 중앙점,경상북도 포항시 북구 대흥동 725,054.253.8497
455,장미의거리점,전라남도 목포시 상동 1003-1 1층,061.285.8497
456,인천작전역점,인천시 계양구 작전동 864-24 2층,032.545.8497
457,평택 서정점,경기도 평택시 서정동 801-9,031.611.4532
458,대구수변공원점,대구광역시 달서구 도원동 949-1,053.638.8497
459,수원역 로데오점,경기도 수원시 팔달구 매산로1가 57-69,031.256.5957
460,인천 스퀘어원점,"인천광역시 연수구 청능대로 210, 스퀘어원 (3F)",032.456.4346
461,화명산성로,부산 북구 화명동 1567-22번지,051.710.8197
462,여수 엑스포점,여수시 수정동 215-1,070.4417.9996
463,국악고점,서울시 강남구 개포동 1197-2,02.3495.0090
464,강남구청역점,서울특별시 강남구 선릉로 131길 12(1층),02.3444.8497
465,금정역점,경기도 군포시 산본동 266-5,031.399.8497
466,메세나폴리스점,"서울 마포구 양화로 45(서교동,메세나폴리스)2층 (서교동 490번지)",02.325.4100
467,광천터미널점,광주광역시 서구 농성공 460-24,062.368.8497
468,울산달동점,울산광역시 남구 달동 1394-14,052.267.8491
469,청주금천점,충청북도 청주시 상당구 금천동 301번지,043.294.8497
470,오산대점,경기도 오산시 궐동 93-2 모터프라자1층,031.373.8497
471,천안역점,충청남도 천안시 동남구 대흥동 124-2 1~2,041.555.8497
472,충북대 중문점,충청북도 청주시 흥덕구 사창동 156-5,043.264.8497
473,인천 엠파크점,인천광역시 서구 봉수대로 158,032.581.3232
474,구미시청점,경상북도 구미시 송정동 459번지,054.452.8297
475,청주하복대점,충북 청주시 흥덕구 북대동 2646 1층,043.237.8497
476,동촌유원지점,대구광역시 동구 효목동 1087-6,053.939.8497
477,서울시청점,서울 중구 태평로 1가 29-2,02.730.8497
478,스마트시티점,대전시 유성구 도룡동 4-7번지 스마트504동,042.867.8497
479,서여의도점,"서울 영등포구 여의도동 13 진미파라곤 1F 111호, 112호",02.780.8497
480,청주 개신점,충청북도 청주시 흥덕구 개신동 52-4,043.264.0333
481,전주서신점,전라북도 전주시 완산구 서신동 889-7,063.255.8497
482,대전가오점,대전시 동구 가오동 606 글로리타워 1층,042.286.8497
483,청주 용암점,충청북도 청주시 상당구 용암동 1635,043.283.2220
484,충북 오창점,충청북도 청주시 청원구 오창읍 과학산업2로 375 1층/2층,043.213.8497
485,김해 삼계,경남 김해시 삼계동 1453-6,055.333.8497
486,수지 성복점,경기도 용인시 수지구 성복동 401,031.262.8497
487,대전목원대점,대전시 서구 도안북로 93번길 25,042.826.8497
488,대구 수목원점,대구광역시 달서구 대곡동 1018-2,053.636.8497
489,여수 소호점,전라남도 여수시 소호동 443-2 1층 카페 파스쿠찌,061.691.1616
490,구월점,"인천광역시 남동구 구월동 1463 효명프라자 103호, 301호",032.422.8497
491,한국선원센터,부산 중구 중앙동4가 74-7 1F,051.660.3636
492,울산세이브존,울산광역시 남구 삼산동 1377-9,052.261.8397
493,주안역점,인천광역시 남구 주안로 116 (리가스퀘어 1층),032.439.7070
494,경북하양점,경상북동 경산시 하양읍 금락리 116-358,053.853.6767
495,전남도청점,전라남도 무안군 삼향면 남악리 2179,061.284.8497
496,군산수송점,전라북도 군산시 수송동 804-7,063.466.9898
497,디큐브아트센터점,서울 구로구 신도림동 360-51 디큐브아트센터 7층,02.2211.3070
498,인천연수역점,"인천광역시 연수구 먼우금로 217 (연수푸르지오 4단지 112호, 205호)",032.811.2266
499,잠실역점,서울 송파구 신천동 7-25 월드타워 1F,02.423.8497
500,서울대점,서울특별시 관악구 관악로 1,02.882.8497
501,신포로데오점,인천광역시 중구 개항로 29-1,032.777.8497
502,목포 한국병원점,전라남도 목포시 상동 148-1 목포한국병원내,061.272.7887
503,광주 풍암점,"광주광역시 서구 풍암동 1116 현인빌딩 103호 일부,201호,202호",062.654.8497
504,울산 일산테라스파크점,"울산시 동구 일산동 945번지 테라스파크 A동 109,112,113호",052.209.0310
505,판교도서관점,경기도 성남시 분당구 판교동 605-7,031.8016.8497
506,울산삼산점,울산광역시 남구 삼산동 1571-10번지,052.258.8497
507,양산점,경남 양산시 중부동 686-7 양산역프라자 109호 외,055.388.8497
508,광주 운암 굿모닝점,광주광역시 북구 운암동 1080-9 굿모닝병원 1층,062.531.7711
509,광주롯데점,"광주광역시 동구 대인동 22 1층,2층",062.710.8497
510,인천 부평역점,인천광역시 부평구 경원대로 1399 (2층),032.506.8497
511,순천법원점,전라남도 순천시 왕지동 869-2 대양빌딩 1층,061.723.0080
512,노원역점,서울시 노원구 상계동 724 1층,02.933.8497
513,양재역점,서울시 강남구 도곡동 953번지,02.3461.8497
514,분당 아름점,경기도 성남시 분당구 이매동 131-5 도도빌딩 2층,031.707.8497
515,대구 수성 유원지점,대구광역시 수성구 두산동 652-3,053.761.5285
516,목동파리공원점,서울시 양천구 목동 907-10번지 현대파리지앙,02.2645.8497
517,광주 일곡점,광주광역시 북구 일곡동 843-1,062.571.8497
518,가천대점,경기도 성남시 수정구 복정동 620-2,031.723.8497
519,부산역점,부산 동구 초량3동 1187-1 부산역 2층 맞이방,070.4048.0330
520,청주 산남점,"충청북도 청주시 흥덕구 산남동 588외1필지 두꺼비빌딩 102,103호",043.287.8497
521,성남을지대점,경기도 성남시 수정구 양지동 529번지,031.742.8497
522,레이킨스몰점,경기 고양시 일산구 대화동 2602번지  파스쿠찌 레이킨스몰점,031.923.8497
523,영통구청점,경기 수원시 영통구 매탄동 1267-7 중앙프라자 1F 103호,031.211.8497
524,화성 동탄점,"경기도 화성시 반송동 93-2번지 에스알골드프라자 118,119호 파스쿠찌  화성동탄점",031.8015.3497
525,서울대병원점,서울시 종로구 대학로 101 서울대학교병원 본관 1F 파스쿠찌,02.765.8497
526,포스코센터점,서울 강남구 대치동 891-43 앰에스에이빌딩 1F 파스쿠찌 포스코센터점,02.556.6121
527,대구동성로점,대구광역시 중구 동성로2가 70-2,053.428.8497
528,수원 인계점,"경기도 수원시 팔달구 인계동 1127-1,수원인계동 한화 꿈에그린 Park 118,119,120호",031.223.8497
529,수원AK점,경기도수원시 팔달구 매산로1가 수원역사 AK PLAZA 3층,031.240.1764
530,롯데마산점,경상남도 창원시 마산합포구 신포동2가 28,055.240.6497
531,광안리점,부산시 수영구 민락동 179-2   파스쿠찌 광안리점,051.752.8497
532,테크노마트점,서울시 광진구 구의동 546-4 테크노마트 지하 D-10호  파스쿠찌 테크노마트점,02.3424.1526
533,목포 하당점,전남 목포시 상동 889번지 파스쿠찌 목포하당점,061.287.4110
534,광주수완점,전남 광주광역시 광산구 장덕동 1661,062.955.8497
